pool,method,k,features,pr_cheap,pr_lgbm_med,pr_lr
all_21,random,1,GenHlth,0.2748,0.2748,0.2748
all_21,bicameral,2,CholCheck|GenHlth,0.2794,0.2794,0.2794
all_21,nsga2,2,BMI|GenHlth,0.3508,0.3481,0.3384
all_21,nsga2,3,Age|BMI|GenHlth,0.3935,0.3481,0.3694
all_21,bicameral,4,BMI|GenHlth|Sex|Stroke,0.3607,0.3602,0.3453
all_21,nsga2,4,Age|BMI|GenHlth|HighChol,0.4147,0.4098,0.391
all_21,random,4,BMI|GenHlth|HeartDiseaseorAttack|Income,0.374,0.3767,0.3621
all_21,bicameral,5,BMI|GenHlth|HeartDiseaseorAttack|HighChol|Sex,0.3987,0.3966,0.3843
all_21,nsga2,5,Age|BMI|GenHlth|HighBP|HighChol,0.4283,0.4187,0.4086
all_21,bicameral,6,Age|BMI|GenHlth|HighBP|Income|Veggies,0.4169,0.4065,0.395
all_21,nsga2,6,Age|BMI|GenHlth|HeartDiseaseorAttack|HighBP|HighChol,0.4321,0.4172,0.4115
all_21,random,6,Age|BMI|HeartDiseaseorAttack|HighBP|PhysHlth|Stroke,0.3891,0.3805,0.3658
all_21,bicameral,7,AnyHealthcare|BMI|GenHlth|HighBP|HighChol|HvyAlcoholConsump|Income,0.418,0.4061,0.4095
all_21,nsga2,7,Age|BMI|Education|GenHlth|HeartDiseaseorAttack|HighBP|HighChol,0.4353,0.4187,0.4129
all_21,random,7,Age|BMI|CholCheck|DiffWalk|GenHlth|HighBP|Smoker,0.416,0.406,0.3958
all_21,bicameral,8,Age|BMI|DiffWalk|GenHlth|HeartDiseaseorAttack|HighChol|PhysHlth|Veggies,0.4239,0.4083,0.3968
all_21,nsga2,8,Age|BMI|GenHlth|HeartDiseaseorAttack|HighBP|HighChol|HvyAlcoholConsump|Stroke,0.4373,0.4254,0.4154
all_21,bicameral,9,Age|BMI|GenHlth|HeartDiseaseorAttack|HighBP|HighChol|Income|PhysActivity|Veggies,0.4343,0.4178,0.414
all_21,nsga2,9,Age|BMI|CholCheck|GenHlth|HeartDiseaseorAttack|HighBP|HighChol|HvyAlcoholConsump|Stroke,0.4391,0.422,0.4171
all_21,nsga2,10,Age|BMI|CholCheck|Education|GenHlth|HeartDiseaseorAttack|HighBP|HighChol|HvyAlcoholConsump|Sex,0.4417,0.4222,0.4183
all_21,random,10,Age|BMI|DiffWalk|Fruits|GenHlth|HeartDiseaseorAttack|HighChol|MentHlth|NoDocbcCost|Smoker,0.4215,0.411,0.396
all_21,bicameral,11,Age|AnyHealthcare|BMI|CholCheck|DiffWalk|GenHlth|HighBP|HighChol|PhysHlth|Sex|Stroke,0.4353,0.4187,0.4132
all_21,nsga2,11,Age|BMI|CholCheck|Education|GenHlth|HeartDiseaseorAttack|HighBP|HighChol|HvyAlcoholConsump|Income|Sex,0.4423,0.4174,0.4203
all_21,random,11,BMI|Education|GenHlth|HeartDiseaseorAttack|HighBP|HighChol|HvyAlcoholConsump|Income|PhysHlth|Sex|Smoker,0.4255,0.4074,0.4148
all_21,bicameral,12,Age|BMI|Education|Fruits|GenHlth|HeartDiseaseorAttack|HighBP|HighChol|HvyAlcoholConsump|PhysActivity|Stroke|Veggies,0.4388,0.4201,0.4168
all_21,nsga2,12,Age|BMI|CholCheck|Education|GenHlth|HeartDiseaseorAttack|HighBP|HighChol|HvyAlcoholConsump|Income|Sex|Stroke,0.4432,0.4198,0.4207
all_21,random,12,Age|BMI|Education|GenHlth|HeartDiseaseorAttack|HighBP|HighChol|HvyAlcoholConsump|MentHlth|NoDocbcCost|Sex|Smoker,0.4377,0.4174,0.416
all_21,nsga2,13,Age|BMI|CholCheck|DiffWalk|Education|GenHlth|HeartDiseaseorAttack|HighBP|HighChol|HvyAlcoholConsump|Income|Sex|Stroke,0.4452,0.4215,0.4213
all_21,random,13,Age|BMI|DiffWalk|GenHlth|HeartDiseaseorAttack|HighBP|HighChol|HvyAlcoholConsump|Income|MentHlth|Sex|Stroke|Veggies,0.4409,0.4193,0.4187
all_21,bicameral,14,Age|BMI|DiffWalk|Education|GenHlth|HeartDiseaseorAttack|HighBP|HighChol|NoDocbcCost|PhysActivity|Sex|Smoker|Stroke|Veggies,0.4394,0.4211,0.4149
all_21,random,14,Age|BMI|Education|Fruits|GenHlth|HeartDiseaseorAttack|HighBP|HighChol|HvyAlcoholConsump|PhysActivity|PhysHlth|Sex|Smoker|Stroke,0.4418,0.4218,0.4174
all_21,bicameral,15,Age|AnyHealthcare|BMI|CholCheck|DiffWalk|Education|GenHlth|HeartDiseaseorAttack|HighBP|HighChol|HvyAlcoholConsump|Income|PhysActivity|PhysHlth|Stroke,0.4435,0.4213,0.42
all_21,bicameral,17,Age|AnyHealthcare|BMI|CholCheck|DiffWalk|Education|Fruits|GenHlth|HeartDiseaseorAttack|HighBP|HighChol|HvyAlcoholConsump|Income|MentHlth|Sex|Stroke|Veggies,0.4437,0.4148,0.4208
all_21,random,17,Age|BMI|CholCheck|Education|GenHlth|HeartDiseaseorAttack|HighBP|HighChol|HvyAlcoholConsump|Income|NoDocbcCost|PhysActivity|PhysHlth|Sex|Smoker|Stroke|Veggies,0.4443,0.4142,0.4209
all_21,random,18,Age|BMI|CholCheck|Education|Fruits|GenHlth|HeartDiseaseorAttack|HighBP|HighChol|HvyAlcoholConsump|Income|MentHlth|NoDocbcCost|PhysHlth|Sex|Smoker|Stroke|Veggies,0.4454,0.4221,0.4204
leakage_free,bicameral,1,HighBP,0.228,0.228,0.228
leakage_free,nsga2,1,BMI,0.2546,0.256,0.2527
leakage_free,nsga2,2,Age|BMI,0.322,0.3188,0.3036
leakage_free,random,2,BMI|HighBP,0.3174,0.3171,0.3114
leakage_free,bicameral,3,HeartDiseaseorAttack|HighChol|PhysActivity,0.2665,0.2307,0.2628
leakage_free,nsga2,3,BMI|HighBP|HighChol,0.3511,0.2653,0.3403
leakage_free,bicameral,4,Age|BMI|HighBP|Income,0.3696,0.3647,0.3482
leakage_free,nsga2,4,BMI|HighBP|HighChol|Income,0.3725,0.3703,0.3606
leakage_free,random,4,BMI|Education|HeartDiseaseorAttack|HighBP,0.3595,0.3577,0.3471
leakage_free,bicameral,5,Age|BMI|HeartDiseaseorAttack|HighBP|Veggies,0.3708,0.3673,0.3487
leakage_free,nsga2,5,Age|BMI|HighBP|HighChol|Income,0.39,0.383,0.3672
leakage_free,bicameral,6,Age|BMI|Education|HighBP|HighChol|Income,0.3926,0.3852,0.3694
leakage_free,nsga2,6,Age|BMI|HeartDiseaseorAttack|HighBP|HighChol|Income,0.4009,0.3941,0.3771
leakage_free,random,6,Age|BMI|CholCheck|HeartDiseaseorAttack|HighBP|HvyAlcoholConsump,0.375,0.3696,0.3542
leakage_free,bicameral,7,Age|BMI|HeartDiseaseorAttack|HighBP|HighChol|Income|MentHlth,0.4041,0.3907,0.3793
leakage_free,nsga2,7,Age|BMI|Education|HeartDiseaseorAttack|HighBP|HighChol|Income,0.4044,0.3904,0.3792
leakage_free,bicameral,8,Age|BMI|Education|HeartDiseaseorAttack|HighBP|HighChol|Income|Veggies,0.4046,0.3952,0.3795
leakage_free,nsga2,8,Age|BMI|HeartDiseaseorAttack|HighBP|HighChol|HvyAlcoholConsump|Income|Sex,0.4089,0.389,0.3828
leakage_free,random,8,Age|BMI|Education|Fruits|HighBP|HighChol|Smoker|Veggies,0.3839,0.3705,0.3622
leakage_free,bicameral,9,Age|BMI|Education|HeartDiseaseorAttack|HighBP|HighChol|HvyAlcoholConsump|Income|PhysActivity,0.4064,0.3972,0.384
leakage_free,nsga2,9,Age|BMI|CholCheck|Education|HeartDiseaseorAttack|HighBP|HighChol|HvyAlcoholConsump|Income,0.4099,0.3945,0.3845
leakage_free,random,9,Age|BMI|Education|HeartDiseaseorAttack|HighChol|HvyAlcoholConsump|Income|Smoker|Stroke,0.3937,0.3771,0.3657
leakage_free,bicameral,10,Age|BMI|CholCheck|HeartDiseaseorAttack|HighBP|HighChol|HvyAlcoholConsump|Income|Sex|Stroke,0.4118,0.3919,0.3863
leakage_free,nsga2,10,Age|BMI|CholCheck|Education|HeartDiseaseorAttack|HighBP|HighChol|HvyAlcoholConsump|Income|Sex,0.4129,0.3897,0.3867
leakage_free,nsga2,11,Age|BMI|Education|HeartDiseaseorAttack|HighBP|HighChol|HvyAlcoholConsump|Income|MentHlth|Sex|Stroke,0.4141,0.3876,0.389
leakage_free,random,11,Age|BMI|CholCheck|Education|HeartDiseaseorAttack|HighBP|HighChol|HvyAlcoholConsump|PhysActivity|Sex|Veggies,0.4027,0.3859,0.3802
leakage_free,bicameral,12,Age|BMI|CholCheck|Education|HeartDiseaseorAttack|HighBP|HighChol|HvyAlcoholConsump|Income|PhysActivity|Sex|Stroke,0.4137,0.3944,0.39
leakage_free,nsga2,12,Age|BMI|CholCheck|Education|HeartDiseaseorAttack|HighBP|HighChol|HvyAlcoholConsump|Income|MentHlth|Sex|Stroke,0.4148,0.3943,0.3908
leakage_free,random,12,Age|BMI|CholCheck|Fruits|HeartDiseaseorAttack|HighBP|HighChol|Income|MentHlth|PhysActivity|Sex|Veggies,0.4074,0.3917,0.3853
leakage_free,bicameral,13,Age|BMI|CholCheck|Education|HeartDiseaseorAttack|HighBP|HighChol|HvyAlcoholConsump|Income|NoDocbcCost|PhysActivity|Sex|Stroke,0.4143,0.3921,0.3907
leakage_free,nsga2,13,Age|BMI|CholCheck|Education|HeartDiseaseorAttack|HighBP|HighChol|HvyAlcoholConsump|Income|MentHlth|NoDocbcCost|Sex|Stroke,0.4161,0.3938,0.3911
leakage_free,random,13,Age|AnyHealthcare|BMI|Fruits|HeartDiseaseorAttack|HighBP|HighChol|HvyAlcoholConsump|Income|MentHlth|PhysActivity|Sex|Veggies,0.4101,0.3939,0.3873
leakage_free,bicameral,14,Age|BMI|CholCheck|Education|HeartDiseaseorAttack|HighBP|HighChol|HvyAlcoholConsump|Income|MentHlth|NoDocbcCost|PhysActivity|Sex|Stroke,0.4162,0.3939,0.3923
leakage_free,nsga2,14,Age|BMI|CholCheck|Education|HeartDiseaseorAttack|HighBP|HighChol|HvyAlcoholConsump|Income|MentHlth|NoDocbcCost|Sex|Stroke|Veggies,0.4173,0.3936,0.3913
leakage_free,bicameral,15,Age|BMI|CholCheck|Education|Fruits|HeartDiseaseorAttack|HighBP|HighChol|HvyAlcoholConsump|Income|MentHlth|PhysActivity|Sex|Stroke|Veggies,0.4167,0.3958,0.392
leakage_free,random,15,Age|AnyHealthcare|BMI|CholCheck|Fruits|HeartDiseaseorAttack|HighBP|HighChol|HvyAlcoholConsump|Income|MentHlth|NoDocbcCost|PhysActivity|Smoker|Stroke,0.4117,0.3964,0.3885
leakage_free,random,16,Age|AnyHealthcare|BMI|CholCheck|Education|HeartDiseaseorAttack|HighBP|HighChol|HvyAlcoholConsump|Income|MentHlth|NoDocbcCost|PhysActivity|Sex|Stroke|Veggies,0.4183,0.3985,0.3925
