pool,feature_set,k,method,pr_lr
all_21,randpareto_k1,1,random,0.2748
all_21,bicpareto_k2,2,bicameral,0.2794
all_21,nsga2pareto_k2,2,nsga2,0.3384
all_21,nsga2pareto_k3,3,nsga2,0.3694
all_21,bicpareto_k4,4,bicameral,0.3453
all_21,nsga2pareto_k4,4,nsga2,0.391
all_21,randpareto_k4,4,random,0.3621
all_21,bicpareto_k5,5,bicameral,0.3843
all_21,nsga2pareto_k5,5,nsga2,0.4086
all_21,bicpareto_k6,6,bicameral,0.395
all_21,nsga2pareto_k6,6,nsga2,0.4115
all_21,randpareto_k6,6,random,0.3658
all_21,bicpareto_k7,7,bicameral,0.4095
all_21,nsga2pareto_k7,7,nsga2,0.4129
all_21,randpareto_k7,7,random,0.3958
all_21,bicpareto_k8,8,bicameral,0.3968
all_21,nsga2pareto_k8,8,nsga2,0.4154
all_21,bicpareto_k9,9,bicameral,0.414
all_21,nsga2pareto_k9,9,nsga2,0.4171
all_21,nsga2pareto_k10,10,nsga2,0.4183
all_21,randpareto_k10,10,random,0.396
all_21,bicpareto_k11,11,bicameral,0.4132
all_21,nsga2pareto_k11,11,nsga2,0.4203
all_21,randpareto_k11,11,random,0.4148
all_21,bicpareto_k12,12,bicameral,0.4168
all_21,nsga2pareto_k12,12,nsga2,0.4207
all_21,randpareto_k12,12,random,0.416
all_21,nsga2pareto_k13,13,nsga2,0.4213
all_21,randpareto_k13,13,random,0.4187
all_21,bicpareto_k14,14,bicameral,0.4149
all_21,randpareto_k14,14,random,0.4174
all_21,bicpareto_k15,15,bicameral,0.42
all_21,bicpareto_k17,17,bicameral,0.4208
all_21,randpareto_k17,17,random,0.4209
all_21,randpareto_k18,18,random,0.4204
leakage_free,bicpareto_k1_noleak,1,bicameral,0.228
leakage_free,nsga2pareto_k1_noleak,1,nsga2,0.2527
leakage_free,nsga2pareto_k2_noleak,2,nsga2,0.3036
leakage_free,randpareto_k2_noleak,2,random,0.3114
leakage_free,bicpareto_k3_noleak,3,bicameral,0.2628
leakage_free,nsga2pareto_k3_noleak,3,nsga2,0.3403
leakage_free,bicpareto_k4_noleak,4,bicameral,0.3482
leakage_free,nsga2pareto_k4_noleak,4,nsga2,0.3606
leakage_free,randpareto_k4_noleak,4,random,0.3471
leakage_free,bicpareto_k5_noleak,5,bicameral,0.3487
leakage_free,nsga2pareto_k5_noleak,5,nsga2,0.3672
leakage_free,bicpareto_k6_noleak,6,bicameral,0.3694
leakage_free,nsga2pareto_k6_noleak,6,nsga2,0.3771
leakage_free,randpareto_k6_noleak,6,random,0.3542
leakage_free,bicpareto_k7_noleak,7,bicameral,0.3793
leakage_free,nsga2pareto_k7_noleak,7,nsga2,0.3792
leakage_free,bicpareto_k8_noleak,8,bicameral,0.3795
leakage_free,nsga2pareto_k8_noleak,8,nsga2,0.3828
leakage_free,randpareto_k8_noleak,8,random,0.3622
leakage_free,bicpareto_k9_noleak,9,bicameral,0.384
leakage_free,nsga2pareto_k9_noleak,9,nsga2,0.3845
leakage_free,randpareto_k9_noleak,9,random,0.3657
leakage_free,bicpareto_k10_noleak,10,bicameral,0.3863
leakage_free,nsga2pareto_k10_noleak,10,nsga2,0.3867
leakage_free,nsga2pareto_k11_noleak,11,nsga2,0.389
leakage_free,randpareto_k11_noleak,11,random,0.3802
leakage_free,bicpareto_k12_noleak,12,bicameral,0.39
leakage_free,nsga2pareto_k12_noleak,12,nsga2,0.3908
leakage_free,randpareto_k12_noleak,12,random,0.3853
leakage_free,bicpareto_k13_noleak,13,bicameral,0.3907
leakage_free,nsga2pareto_k13_noleak,13,nsga2,0.3911
leakage_free,randpareto_k13_noleak,13,random,0.3873
leakage_free,bicpareto_k14_noleak,14,bicameral,0.3923
leakage_free,nsga2pareto_k14_noleak,14,nsga2,0.3913
leakage_free,bicpareto_k15_noleak,15,bicameral,0.392
leakage_free,randpareto_k15_noleak,15,random,0.3885
leakage_free,randpareto_k16_noleak,16,random,0.3925
