timestamp,git_commit,data_hash,machine,script,feature_set,n_features,model,params,seed,split,pr_auc,roc_auc,brier,prevalence,notes,accuracy,rec_at_p30,prec_at_r80,ece,threshold,calibrated,extra
2026-09-06T15:33:37,d0c2062,fc3774b0bdf6c0a16e80c7e518cd787d,LAPTOP-UCBFGDFT,02_baselines.py,all_21,21,logistic regression,"{'memory': None, 'steps': [('standardscaler', StandardScaler()), ('logisticregression', LogisticRegression(class_weight='balanced', max_iter=2000))], 'transform_input': None, 'verbose': False, 'standardscaler': StandardScaler(), 'logisticregression': LogisticRegression(class_weight='balanced', max_iter=2000), 'standardscaler__copy': True, 'standardscaler__with_mean': True, 'standardscaler__with_std': True, 'logisticregression__C': 1.0, 'logisticregression__class_weight': 'balanced', 'logisticregression__dual': False, 'logisticregression__fit_intercept': True, 'logisticregression__intercept_scaling': 1, 'logisticregression__l1_ratio': 0.0, 'logisticregression__max_iter': 2000, 'logisticregression__n_jobs': None, 'logisticregression__penalty': 'deprecated', 'logisticregression__random_state': None, 'logisticregression__solver': 'lbfgs', 'logisticregression__tol': 0.0001, 'logisticregression__verbose': 0, 'logisticregression__warm_start': False}",42,val,0.4191,0.8126,0.1838,0.1529,"class_weight=balanced, uncalibrated",,,,,,,
2026-09-06T15:33:37,d0c2062,fc3774b0bdf6c0a16e80c7e518cd787d,LAPTOP-UCBFGDFT,02_baselines.py,all_21,21,decision tree (d=6),"{'ccp_alpha': 0.0, 'class_weight': 'balanced', 'criterion': 'gini', 'max_depth': 6, 'max_features': None, 'max_leaf_nodes': None, 'min_impurity_decrease': 0.0, 'min_samples_leaf': 1, 'min_samples_split': 2, 'min_weight_fraction_leaf': 0.0, 'monotonic_cst': None, 'random_state': 42, 'splitter': 'best'}",42,val,0.3961,0.7982,0.1898,0.1529,"class_weight=balanced, uncalibrated",,,,,,,
2026-09-06T15:33:45,d0c2062,fc3774b0bdf6c0a16e80c7e518cd787d,LAPTOP-UCBFGDFT,02_baselines.py,all_21,21,random forest,"{'bootstrap': True, 'ccp_alpha': 0.0, 'class_weight': 'balanced', 'criterion': 'gini', 'max_depth': None, 'max_features': 'sqrt', 'max_leaf_nodes': None, 'max_samples': None, 'min_impurity_decrease': 0.0, 'min_samples_leaf': 20, 'min_samples_split': 2, 'min_weight_fraction_leaf': 0.0, 'monotonic_cst': None, 'n_estimators': 300, 'n_jobs': 4, 'oob_score': False, 'random_state': 42, 'verbose': 0, 'warm_start': False}",42,val,0.4426,0.8176,0.176,0.1529,"class_weight=balanced, uncalibrated",,,,,,,
2026-09-06T15:33:46,d0c2062,fc3774b0bdf6c0a16e80c7e518cd787d,LAPTOP-UCBFGDFT,02_baselines.py,leakage_free,18,logistic regression,"{'memory': None, 'steps': [('standardscaler', StandardScaler()), ('logisticregression', LogisticRegression(class_weight='balanced', max_iter=2000))], 'transform_input': None, 'verbose': False, 'standardscaler': StandardScaler(), 'logisticregression': LogisticRegression(class_weight='balanced', max_iter=2000), 'standardscaler__copy': True, 'standardscaler__with_mean': True, 'standardscaler__with_std': True, 'logisticregression__C': 1.0, 'logisticregression__class_weight': 'balanced', 'logisticregression__dual': False, 'logisticregression__fit_intercept': True, 'logisticregression__intercept_scaling': 1, 'logisticregression__l1_ratio': 0.0, 'logisticregression__max_iter': 2000, 'logisticregression__n_jobs': None, 'logisticregression__penalty': 'deprecated', 'logisticregression__random_state': None, 'logisticregression__solver': 'lbfgs', 'logisticregression__tol': 0.0001, 'logisticregression__verbose': 0, 'logisticregression__warm_start': False}",42,val,0.3906,0.794,0.1914,0.1529,"class_weight=balanced, uncalibrated",,,,,,,
2026-09-06T15:33:46,d0c2062,fc3774b0bdf6c0a16e80c7e518cd787d,LAPTOP-UCBFGDFT,02_baselines.py,leakage_free,18,decision tree (d=6),"{'ccp_alpha': 0.0, 'class_weight': 'balanced', 'criterion': 'gini', 'max_depth': 6, 'max_features': None, 'max_leaf_nodes': None, 'min_impurity_decrease': 0.0, 'min_samples_leaf': 1, 'min_samples_split': 2, 'min_weight_fraction_leaf': 0.0, 'monotonic_cst': None, 'random_state': 42, 'splitter': 'best'}",42,val,0.3683,0.777,0.1973,0.1529,"class_weight=balanced, uncalibrated",,,,,,,
2026-09-06T15:33:54,d0c2062,fc3774b0bdf6c0a16e80c7e518cd787d,LAPTOP-UCBFGDFT,02_baselines.py,leakage_free,18,random forest,"{'bootstrap': True, 'ccp_alpha': 0.0, 'class_weight': 'balanced', 'criterion': 'gini', 'max_depth': None, 'max_features': 'sqrt', 'max_leaf_nodes': None, 'max_samples': None, 'min_impurity_decrease': 0.0, 'min_samples_leaf': 20, 'min_samples_split': 2, 'min_weight_fraction_leaf': 0.0, 'monotonic_cst': None, 'n_estimators': 300, 'n_jobs': 4, 'oob_score': False, 'random_state': 42, 'verbose': 0, 'warm_start': False}",42,val,0.4121,0.7987,0.1837,0.1529,"class_weight=balanced, uncalibrated",,,,,,,
2026-10-06T14:12:58,0a86385-dirty,fc3774b0bdf6c0a16e80c7e518cd787d,?,21_bicameral_compare.py,all_21,21,"bicameral-direct (LR weights, 2000 evals)","balanced log-loss + L2 lam=3.11e-06, bounds=[-5,5], seed=42",42,val,0.4194,0.8126,0.1842,0.1529,M4 optimizer shootout vs LR-LBFGS; test sealed,0.7169,0.8224,0.3092,0.251,,,
2026-10-06T14:13:07,0a86385-dirty,fc3774b0bdf6c0a16e80c7e518cd787d,?,21_bicameral_compare.py,leakage_free,18,"bicameral-direct (LR weights, 2000 evals)","balanced log-loss + L2 lam=3.11e-06, bounds=[-5,5], seed=42",42,val,0.3901,0.7938,0.1921,0.1529,M4 optimizer shootout vs LR-LBFGS; test sealed,0.6986,0.7614,0.2859,0.2624,,,
2026-10-06T14:56:05,0a86385-dirty,fc3774b0bdf6c0a16e80c7e518cd787d,?,21_bicameral_compare.py,all_21,21,"bicameral-HPO (hgb, 108 evals)","{'lr': 0.12636751408832886, 'depth': 4, 'leaf': 15, 'l2': 0.8760753157445755}",42,val,0.4479,0.8199,0.1046,0.1529,"M4 tuner shootout, val log-loss objective, fit-train-only, time=1547s; test sealed",0.8552,0.8347,0.3172,0.0024,,,
2026-10-06T14:56:05,0a86385-dirty,fc3774b0bdf6c0a16e80c7e518cd787d,?,21_bicameral_compare.py,all_21,21,"randsearch-HPO (hgb, 108 evals)","{'lr': 0.16022698522949785, 'depth': 3, 'leaf': 1, 'l2': 11.888673275129037}",42,val,0.4473,0.8204,0.1046,0.1529,"M4 tuner shootout, val log-loss objective, fit-train-only, time=1006s; test sealed",0.8556,0.8361,0.3181,0.0031,,,
2026-10-06T18:07:10,0a86385-dirty,fc3774b0bdf6c0a16e80c7e518cd787d,?,22_bicameral_hpo_seeds.py,all_21,21,"bicameral-HPO (hgb, 108 evals)","{'lr': 0.12636751408832886, 'depth': 4, 'leaf': 15, 'l2': 0.8760753157445755}",42,val,0.4479,0.8199,0.1046,0.1529,M4 multi-seed HPO; fit-train-only; time=568s; test sealed,0.8552,0.8347,0.3172,0.0024,,,
2026-10-06T18:07:11,0a86385-dirty,fc3774b0bdf6c0a16e80c7e518cd787d,?,22_bicameral_hpo_seeds.py,all_21,21,"randsearch-HPO (hgb, 108 evals)","{'lr': 0.16022698522949785, 'depth': 3, 'leaf': 1, 'l2': 11.888673275129037}",42,val,0.4473,0.8204,0.1046,0.1529,M4 multi-seed HPO; fit-train-only; time=494s; test sealed,0.8556,0.8361,0.3181,0.0031,,,
2026-10-06T18:41:49,0a86385-dirty,fc3774b0bdf6c0a16e80c7e518cd787d,?,22_bicameral_hpo_seeds.py,all_21,21,"bicameral-HPO (hgb, 108 evals)","{'lr': 0.13897066275765352, 'depth': 5, 'leaf': 9, 'l2': 10.406439134683874}",101,val,0.4477,0.8203,0.1046,0.1529,M4 multi-seed HPO; fit-train-only; time=1621s; test sealed,0.8556,0.834,0.3183,0.0044,,,
2026-10-06T18:41:49,0a86385-dirty,fc3774b0bdf6c0a16e80c7e518cd787d,?,22_bicameral_hpo_seeds.py,all_21,21,"randsearch-HPO (hgb, 108 evals)","{'lr': 0.1593822463350679, 'depth': 3, 'leaf': 12, 'l2': 1.6859843392958318}",101,val,0.4466,0.8199,0.1047,0.1529,M4 multi-seed HPO; fit-train-only; time=453s; test sealed,0.8551,0.8309,0.3166,0.0024,,,
2026-10-06T18:54:41,0a86385-dirty,fc3774b0bdf6c0a16e80c7e518cd787d,?,22_bicameral_hpo_seeds.py,all_21,21,"bicameral-HPO (hgb, 108 evals)","{'lr': 0.051022451352789794, 'depth': 4, 'leaf': 194, 'l2': 3.638343263579311}",202,val,0.4483,0.8202,0.1046,0.1529,M4 multi-seed HPO; fit-train-only; time=309s; test sealed,0.8554,0.8376,0.3158,0.0034,,,
2026-10-06T18:54:41,0a86385-dirty,fc3774b0bdf6c0a16e80c7e518cd787d,?,22_bicameral_hpo_seeds.py,all_21,21,"randsearch-HPO (hgb, 108 evals)","{'lr': 0.051022451352789794, 'depth': 4, 'leaf': 194, 'l2': 3.638343263579311}",202,val,0.4483,0.8202,0.1046,0.1529,M4 multi-seed HPO; fit-train-only; time=455s; test sealed,0.8554,0.8376,0.3158,0.0034,,,
